ZIP,Number of returns,Population,P_Elderly,Income,Unemployment
75001,"10,020","14,300","1,510","895,613",260
75002,"32,120","68,200","6,380","3,362,938",730
75006,"24,160","44,100","4,990","1,369,657",480
75007,"26,980","50,360","6,100","1,988,573",660
75009,"9,000","22,040","1,470","1,119,782",200
75010,"16,690","31,150","2,620","1,523,239",430
75013,"21,600","47,950","3,890","3,074,791",490
75019,"21,190","44,840","4,390","3,134,490",490
75020,"10,750","20,440","2,920","596,563",200
75021,"4,030","7,720","1,180","227,050",70
75022,"11,700","26,540","2,410","2,334,137",240
75023,"23,400","43,800","5,950","1,828,620",610
75024,"21,960","43,760","3,540","3,166,296",510
75025,"24,850","52,520","5,200","2,792,974",640
75028,"22,210","46,710","4,780","2,635,196",540
75032,"15,920","33,890","3,880","2,121,939",300
75034,"24,020","46,410","3,970","4,031,399",570
75035,"34,580","81,940","4,330","4,219,308",900
75038,"15,730","28,810","1,590","1,218,964",370
75039,"13,010","21,640","1,010","1,480,715",300
75040,"30,220","58,800","5,280","1,361,117",630
75041,"13,730","28,090","2,260","548,309",200
75042,"17,500","35,100","2,770","654,546",250
75043,"29,940","57,980","6,010","1,504,681",690
75044,"22,790","41,700","5,360","1,521,800",510
75048,"12,570","26,830","2,350","1,068,127",300
75050,"19,760","37,790","2,730","896,123",470
75051,"17,550","35,930","2,160","649,306",370
75052,"46,630","90,510","7,420","2,494,449","1,310"
75054,"7,260","16,360",980,"686,795",210
75056,"34,410","64,090","5,090","3,284,075",960
75057,"7,530","13,520",870,"360,837",180
75058,"1,730","3,940",360,"172,544",30
75060,"21,720","43,700","3,600","951,321",360
75061,"23,970","47,110","3,530","994,670",410
75062,"23,020","43,690","3,740","1,230,691",410
75063,"20,430","43,830","2,450","2,255,762",470
75065,"6,460","12,290","1,360","470,527",160
75067,"33,590","61,230","4,620","1,767,885",810
75068,"29,790","64,450","3,730","2,329,822",800
75069,"17,970","34,370","4,480","1,670,365",350
75070,"27,890","56,810","4,120","2,497,011",750
75071,"28,920","63,790","4,970","2,950,907",730
75074,"23,930","46,940","4,160","1,529,852",510
75075,"18,060","32,820","5,210","1,495,598",390
75076,"4,020","7,500","1,490","303,745",70
75077,"18,410","36,950","4,670","2,070,747",420
75078,"15,600","40,120","2,330","2,575,488",380
75080,"21,420","40,420","5,120","2,000,074",410
75081,"18,550","34,300","4,270","1,203,396",420
75082,"13,450","24,960","2,990","1,437,555",290
75087,"18,350","39,620","4,540","1,872,460",390
75088,"13,450","25,630","3,170","1,013,955",360
75089,"16,580","33,550","2,970","1,200,684",410
75090,"10,240","20,660","2,090","468,213",180
75092,"12,330","23,360","3,220","807,541",190
75093,"23,980","46,160","6,530","4,516,464",520
75094,"10,260","24,620","1,920","1,252,975",220
75098,"29,730","65,450","4,860","2,247,943",660
75102,620,"1,340",150,"33,544",0
75103,"6,270","13,020","1,800","432,874",120
75104,"24,540","46,940","4,590","1,476,777",810
75105,140,310,40,"7,879",0
75109,"2,050","4,200",640,"147,814",40
75110,"12,420","25,600","2,390","556,544",270
75114,"2,960","6,400",510,"190,394",60
75115,"28,040","51,040","6,240","1,476,023",950
75116,"9,200","18,390","1,830","403,887",200
75117,"1,770","3,670",470,"106,086",40
75119,"12,620","25,780","2,480","649,070",240
75124,"2,090","4,360",570,"112,221",40
75125,"3,480","7,170",610,"151,979",70
75126,"29,420","64,200","4,080","2,068,896",670
75127,720,"1,510",180,"30,994",0
75134,"10,300","19,640","1,370","387,432",380
75135,"3,590","8,040",670,"248,967",90
75137,"9,820","18,640","2,380","545,806",270
75140,"2,960","6,230",820,"161,702",60
75141,"2,060","4,400",280,"73,330",50
75142,"9,410","19,920","1,920","551,313",180
75143,"6,600","13,260","1,830","364,157",130
75144,"1,460","2,880",420,"94,192",30
75146,"11,360","21,700","1,840","489,414",370
75147,"3,540","7,180",920,"191,855",60
75148,"2,600","5,110",760,"144,189",50
75149,"26,730","54,090","4,260","1,096,103",630
75150,"28,950","56,020","5,050","1,193,766",610
75152,"2,500","5,330",510,"144,382",50
75153,320,690,60,"12,998",0
75154,"22,040","44,410","4,130","1,366,995",570
75155,"1,320","2,880",200,"54,277",20
75156,"6,420","12,530","1,890","365,789",150
75158,"2,330","4,880",550,"144,284",50
75159,"8,810","18,610","1,420","420,865",170
75160,"11,900","23,950","2,720","668,962",230
75161,"3,370","6,880",840,"183,293",60
75163,"1,000","1,890",410,"63,818",20
75165,"22,160","45,210","4,690","1,423,670",430
75166,"2,580","5,460",460,"197,957",60
75167,"5,610","12,280","1,110","502,363",110
75169,"6,790","13,820","1,710","364,794",130
75172,"2,290","4,810",250,"70,880",50
75173,"3,290","7,190",550,"232,148",60
75180,"10,830","23,370","1,230","385,567",210
75181,"13,190","26,750","2,060","691,625",330
75182,"3,410","7,950",920,"473,726",50
75189,"16,750","36,730","2,660","1,210,443",380
75201,"10,720","13,540",980,"3,065,613",210
75202,"1,580","2,000",150,"171,730",50
75203,"6,010","11,450",670,"224,993",120
75204,"19,580","25,110","1,330","2,106,418",320
75205,"10,250","19,650","2,650","5,423,028",130
75206,"22,500","31,130","2,540","2,389,195",400
75207,"2,210","2,650",150,"204,949",50
75208,"14,940","26,970","2,330","1,218,637",270
75209,"7,600","12,710","1,880","2,387,048",130
75210,"2,920","6,110",310,"70,270",70
75211,"30,300","62,280","3,730","1,111,023",480
75212,"11,960","24,100","1,080","422,394",250
75214,"17,100","31,430","3,790","3,341,797",300
75215,"7,760","14,410",890,"268,387",180
75216,"22,800","46,650","3,120","667,024",570
75217,"34,810","76,710","3,960","1,104,726",590
75218,"11,850","21,200","3,320","1,362,455",220
75219,"17,870","23,570","2,930","2,925,662",340
75220,"14,360","29,360","2,190","2,261,034",180
75223,"6,100","12,280",830,"327,729",70
75224,"14,260","28,820","2,050","545,081",310
75225,"10,930","22,460","4,480","6,092,286",90
75226,"2,570","3,330",140,"168,298",30
75227,"24,980","51,370","3,350","888,445",460
75228,"29,690","58,190","4,450","1,281,259",540
75229,"15,090","30,700","3,590","3,442,626",230
75230,"13,860","24,650","4,680","4,358,278",210
75231,"17,670","31,580","2,450","1,200,976",310
75232,"14,410","27,080","3,050","525,414",390
75233,"6,460","12,810","1,040","267,502",130
75234,"18,010","32,060","3,380","1,234,044",350
75235,"9,660","15,650","1,020","484,934",180
75236,"7,970","15,830",870,"316,903",200
75237,"7,830","14,840",750,"222,104",250
75238,"13,550","27,810","3,020","1,398,377",260
75240,"10,510","19,730","1,610","900,961",160
75241,"14,450","27,450","2,290","435,808",490
75243,"27,650","50,550","4,380","1,460,559",640
75244,"6,860","11,910","1,670","905,796",140
75246,"1,120","1,720",130,"53,876",20
75247,610,970,120,"53,766",0
75248,"18,750","34,290","5,560","2,870,916",470
75249,"7,520","14,540","1,160","348,802",230
75251,"2,220","3,090",290,"190,993",60
75252,"13,540","22,910","3,850","1,577,688",280
75253,"9,090","21,270",750,"316,433",150
75254,"12,130","20,150","1,630","1,174,932",290
75287,"27,630","44,210","3,660","1,951,742",790
75401,"8,110","16,570","1,370","315,771",190
75402,"8,550","16,610","2,340","603,230",140
75407,"11,790","25,170","1,660","649,532",300
75409,"9,520","20,530","1,390","618,853",210
75410,"2,110","4,320",780,"115,473",40
75411,430,900,130,"24,373",20
75412,270,520,90,"15,117",0
75414,"1,540","3,360",390,"105,143",30
75416,"1,290","2,620",320,"64,154",50
75417,"1,010","2,090",280,"52,443",20
75418,"5,100","9,970","1,430","279,272",130
75420,610,"1,190",170,"31,724",0
75421,480,980,120,"23,561",0
75422,"1,310","2,670",400,"82,592",20
75423,"1,320","2,730",320,"78,286",30
75424,"1,930","4,160",440,"138,762",40
75426,"2,130","3,910",600,"88,310",70
75428,"3,590","6,720",670,"154,076",90
75431,890,"1,930",220,"37,077",20
75432,"1,380","2,900",390,"71,472",30
75433,"1,240","2,500",370,"67,428",0
75435,390,770,90,"16,408",0
75436,860,"1,770",200,"42,882",30
75437,530,"1,090",140,"31,541",0
75438,480,970,130,"29,558",0
75439,430,870,90,"22,589",0
75440,"2,970","5,910","1,080","181,632",60
75442,"4,950","10,430","1,150","324,760",100
75446,"1,380","2,930",380,"75,281",40
75447,520,"1,030",150,"30,062",0
75448,290,580,90,"14,095",0
75449,420,840,120,"17,655",0
75450,110,220,30,"5,467",0
75451,550,"1,110",180,"28,637",0
75452,"2,140","4,510",500,"133,501",40
75453,"1,600","3,390",410,"98,620",40
75454,"6,760","15,730","1,030","631,461",170
75455,"11,730","25,180","2,200","574,279",260
75457,"2,840","5,720",770,"165,934",70
75459,"2,400","4,980",500,"144,021",40
75460,"9,560","18,210","1,950","371,322",290
75462,"5,240","10,730","1,470","381,710",140
75468,390,820,130,"21,148",0
75469,170,350,60,"7,961",0
75470,110,240,30,"4,775",0
75471,580,"1,250",140,"27,514",0
75472,"1,610","3,220",480,"80,337",30
75473,"1,690","3,420",530,"113,767",50
75474,"6,870","13,700","1,710","358,739",120
75476,560,"1,130",190,"32,743",0
75477,370,730,120,"16,913",0
75478,400,830,120,"20,131",0
75479,840,"1,660",210,"45,576",0
75480,690,"1,370",280,"56,662",0
75481,150,320,40,"8,373",0
75482,"10,960","22,190","2,620","627,954",210
75486,"1,050","2,300",290,"62,290",30
75487,610,"1,280",150,"27,134",0
75488,480,"1,000",130,"28,335",0
75490,"1,330","2,810",320,"86,585",30
75491,"2,430","5,020",580,"156,162",40
75492,240,450,80,"14,249",0
75494,"4,690","9,410","1,500","256,629",90
75495,"4,340","9,350","1,070","409,578",80
75496,"1,430","2,950",380,"76,727",30
75497,"1,750","3,350",820,"123,930",30
75501,"14,980","29,390","3,200","627,503",370
75503,"11,690","22,790","3,300","984,579",230
75550,290,530,100,"11,343",0
75551,"4,560","9,230","1,400","245,897",110
75554,700,"1,410",230,"36,680",0
75555,620,"1,320",170,"32,318",0
75556,550,"1,140",130,"30,403",30
75558,660,"1,370",180,"36,168",0
75559,"2,460","4,920",780,"124,707",50
75560,430,870,120,"18,545",0
75561,"2,310","4,600",630,"108,127",40
75563,"1,720","3,370",580,"84,689",40
75566,300,590,100,"12,737",0
75567,"1,660","3,510",390,"86,678",40
75568,"1,190","2,460",360,"55,174",30
75569,"1,730","3,330",340,"80,864",50
75570,"3,990","7,790","1,140","193,193",90
75571,"1,260","2,470",370,"58,048",30
75572,"1,560","3,090",440,"73,524",40
75574,800,"1,640",190,"42,456",20
75601,"6,610","12,980","1,550","389,733",170
75602,"8,770","18,170","1,380","361,708",210
75603,"2,680","5,260",800,"167,388",100
75604,"13,450","26,960","2,830","745,201",330
75605,"14,620","28,100","4,230","1,167,583",310
75630,"1,060","2,030",410,"58,130",30
75631,"1,080","2,400",290,"68,841",40
75633,"6,150","12,480","1,680","373,459",130
75638,"2,380","4,670",700,"113,730",60
75639,"1,100","2,210",340,"62,948",30
75640,"2,320","4,990",520,"141,661",60
75643,830,"1,760",230,"47,913",0
75644,"5,010","10,250","1,380","271,198",120
75645,"4,300","9,130","1,070","247,091",100
75647,"5,830","11,930","1,390","316,688",140
75650,"4,430","9,650",970,"293,066",110
75651,"1,050","2,210",220,"58,796",30
75652,"5,180","10,460","1,400","304,519",130
75654,"5,220","11,010","1,280","284,670",120
75656,"1,990","4,030",480,"99,420",40
75657,"3,400","6,570","1,070","164,142",70
75661,"1,080","1,960",350,"56,686",20
75662,"10,390","21,540","2,310","533,093",250
75667,510,"1,030",140,"25,672",0
75668,810,"1,560",220,"35,704",20
75669,270,550,100,"16,479",0
75670,"6,640","13,100","1,240","246,867",190
75672,"7,290","14,480","2,040","430,897",160
75681,"1,210","2,390",320,"59,862",30
75683,"1,580","3,310",370,"72,856",40
75684,"2,480","5,350",500,"122,427",80
75686,"5,650","11,680","1,490","295,663",130
75691,"1,930","4,150",430,"105,781",80
75692,"2,220","4,390",590,"118,619",50
75693,"2,910","6,160",690,"201,113",70
75701,"15,100","27,850","3,600","881,121",350
75702,"10,980","22,030","1,610","327,824",320
75703,"20,640","38,530","5,900","1,972,508",350
75704,"4,380","8,860",970,"185,575",110
75705,"1,020","2,010",220,"42,211",40
75706,"4,240","8,970",710,"176,426",110
75707,"7,310","14,310","2,280","534,158",170
75708,"3,260","6,890",510,"118,393",70
75709,"2,860","5,310",730,"220,560",60
75750,"1,730","3,580",480,"105,710",50
75751,"7,640","14,910","1,950","408,843",120
75752,"3,100","6,220",960,"197,190",60
75754,"2,730","5,490",780,"168,395",70
75755,"2,280","4,750",620,"116,457",60
75756,"1,810","3,830",470,"104,771",50
75757,"5,950","12,780","1,750","540,729",120
75758,"4,590","9,030","1,470","265,385",100
75760,"1,030","2,130",320,"49,905",30
75762,"6,470","13,120","1,770","500,823",130
75763,"2,640","5,200",860,"155,029",60
75765,"3,390","6,490","1,600","197,790",90
75766,"11,480","24,000","2,600","548,199",280
75770,"1,340","2,570",440,"85,721",20
75771,"9,900","20,570","3,120","686,511",180
75773,"5,640","11,270","1,870","318,183",110
75778,"1,430","2,890",480,"78,383",0
75783,"3,400","6,770","1,210","190,380",90
75784,330,640,100,"14,928",0
75785,"3,910","8,060","1,030","186,379",70
75789,"3,490","7,330",900,"210,554",80
75790,"2,220","4,570",530,"118,518",40
75791,"6,360","13,280","1,510","502,433",170
75792,"1,580","3,200",410,"73,659",60
75801,"7,210","14,190","1,660","341,920",130
75803,"6,610","13,420","1,630","333,065",130
75831,"2,150","4,580",610,"119,425",50
75833,"1,480","3,000",530,"99,752",30
75835,"4,650","9,130","1,360","211,804",100
75838,270,510,100,"17,098",0
75839,"2,260","4,690",620,"117,284",50
75840,"3,260","6,570",890,"193,735",70
75844,"2,180","4,290",770,"130,281",50
75845,"1,150","2,320",330,"55,636",30
75846,"1,000","2,140",310,"54,474",0
75847,630,"1,260",200,"31,461",0
75850,200,400,90,"11,492",0
75851,"1,090","2,250",340,"60,892",0
75852,780,"1,490",190,"38,455",0
75853,480,880,170,"32,239",0
75855,980,"1,860",340,"48,633",0
75856,120,230,40,"5,430",0
75859,920,"1,850",390,"75,008",20
75860,"2,370","4,870",640,"125,011",40
75861,740,"1,420",200,"36,326",0
75862,"4,150","8,080","1,390","197,265",100
75901,"12,180","24,060","2,720","683,776",240
75904,"14,610","29,440","3,260","783,969",280
75925,"1,530","3,230",410,"69,705",30
75926,540,"1,040",150,"27,002",0
75928,440,960,90,"18,242",30
75929,600,"1,220",290,"36,278",0
75930,680,"1,420",180,"33,522",40
75931,"1,040","2,020",390,"72,713",30
75932,520,"1,070",210,"32,515",20
75933,580,"1,280",160,"30,510",40
75935,"5,580","11,820","1,200","278,866",130
75936,370,770,110,"21,900",0
75937,530,"1,030",140,"27,289",0
75938,"1,040","2,210",340,"55,317",50
75939,"1,680","3,380",380,"79,134",40
75941,"3,360","7,010",700,"151,883",90
75943,640,"1,360",180,"39,389",0
75944,530,"1,040",180,"32,188",0
75946,"1,390","2,960",380,"72,341",30
75948,"2,450","4,650","1,060","149,421",110
75949,"3,410","7,100",810,"179,301",100
75951,"6,390","12,760","1,830","325,855",240
75954,"1,310","2,860",310,"75,475",30
75956,"2,920","6,260",830,"163,388",140
75959,360,710,170,"21,207",0
75960,340,690,90,"18,847",0
75961,"5,950","11,360","1,240","265,647",130
75964,"7,840","16,520","1,540","332,096",150
75965,"7,250","13,300","1,980","494,040",110
75966,"1,760","3,720",450,"85,942",90
75968,740,"1,580",170,"38,279",40
75969,"1,590","3,240",350,"90,279",40
75972,"2,460","4,860",710,"111,918",70
75973,"1,030","2,130",330,"55,845",30
75974,"1,280","2,820",260,"60,454",50
75975,"1,390","2,930",380,"72,434",20
75977,240,480,70,"11,795",0
75979,"3,340","6,690","1,020","166,063",130
75980,"1,020","2,060",360,"55,430",70
76001,"16,270","32,560","3,090","1,103,468",450
76002,"16,680","33,860","1,990","923,165",500
76006,"13,620","22,470","1,870","795,128",420
76008,"9,530","22,790","2,250","1,408,104",150
76009,"10,030","20,920","2,010","529,238",220
76010,"22,050","44,950","2,400","706,293",450
76011,"11,130","19,310","1,430","548,576",280
76012,"13,140","24,520","3,670","1,000,897",290
76013,"15,520","27,430","3,960","985,997",280
76014,"16,390","32,360","2,260","596,083",410
76015,"8,770","15,890","1,880","457,069",180
76016,"15,720","29,830","4,900","1,351,677",340
76017,"22,680","42,550","5,300","1,483,119",600
76018,"13,910","26,630","2,130","641,931",430
76020,"15,070","30,370","3,740","1,050,867",330
76021,"18,330","32,220","5,060","1,333,283",430
76022,"7,380","13,160","1,630","381,774",180
76023,"3,210","6,490",840,"201,158",80
76028,"33,810","69,350","7,780","2,564,414",680
76031,"7,760","16,160","1,590","393,884",130
76033,"12,230","24,730","3,070","765,225",240
76034,"12,540","26,560","4,400","3,336,712",190
76035,"1,140","2,420",270,"103,415",20
76036,"15,500","30,780","2,980","937,940",410
76039,"20,450","35,920","3,720","1,285,643",490
76040,"15,290","28,770","2,250","772,077",340
76041,220,440,50,"11,552",0
76043,"3,280","6,910",930,"239,618",90
76044,"2,840","6,330",510,"224,253",50
76048,"11,930","22,680","4,080","819,772",270
76049,"14,780","29,360","6,040","1,314,341",260
76050,"3,220","6,950",770,"234,417",50
76051,"25,010","45,980","5,620","2,501,620",570
76052,"11,960","27,010","1,750","1,083,442",270
76053,"15,200","28,410","3,080","775,762",340
76054,"6,280","12,080","2,210","577,427",130
76055,"1,280","2,650",280,"62,091",0
76058,"9,080","19,250","1,830","492,172",220
76059,"2,150","4,350",450,"93,855",30
76060,"4,110","8,240",920,"317,987",90
76061,240,470,90,"14,962",0
76063,"35,450","74,080","6,720","3,051,499",860
76064,930,"2,050",240,"75,142",0
76065,"19,420","41,900","4,060","1,737,557",370
76066,"1,730","3,600",440,"163,958",20
76067,"8,670","17,370","1,900","411,297",140
76070,230,520,80,"22,469",0
76071,"1,880","4,030",370,"125,561",60
76073,"3,000","6,340",760,"230,646",60
76077,300,550,90,"20,307",0
76078,"4,480","9,660",870,"301,067",150
76082,"10,050","20,770","2,310","654,485",200
76084,"4,890","10,520",730,"272,489",120
76085,"5,610","11,460","1,460","406,974",80
76086,"10,250","19,190","2,600","587,594",140
76087,"15,170","31,820","4,340","1,515,993",230
76088,"6,310","13,130","1,500","528,832",110
76092,"13,720","32,820","3,560","4,483,095",210
76093,"1,170","2,440",230,"69,413",20
76102,"4,870","7,020",890,"1,248,177",70
76103,"6,370","12,670","1,150","265,628",120
76104,"8,770","16,710",870,"343,197",180
76105,"9,580","20,490","1,080","272,960",170
76106,"15,080","32,460","1,580","495,935",240
76107,"15,950","25,930","3,390","2,598,718",250
76108,"22,020","43,010","4,300","1,402,975",480
76109,"10,620","19,560","2,940","2,267,607",140
76110,"13,320","26,750","2,100","808,698",190
76111,"10,210","20,640","1,440","412,988",170
76112,"19,600","36,450","3,610","816,461",520
76114,"12,110","23,230","2,350","615,041",190
76115,"8,800","19,170",950,"286,887",120
76116,"23,450","42,720","5,030","1,652,673",400
76117,"14,690","28,770","2,460","599,638",310
76118,"7,880","15,340","1,570","470,141",180
76119,"20,260","42,650","2,720","624,230",420
76120,"9,040","16,580","1,230","454,513",290
76123,"17,990","36,480","2,730","1,037,324",490
76126,"12,610","25,240","3,730","1,471,036",200
76127,230,370,0,"9,561",0
76131,"22,660","47,780","2,730","1,471,010",530
76132,"12,900","21,700","3,350","1,320,145",220
76133,"24,130","46,200","5,270","1,182,625",530
76134,"12,540","24,990","2,180","522,809",320
76135,"9,800","18,890","2,090","582,103",200
76137,"29,230","56,240","4,400","1,704,741",660
76140,"14,660","30,200","2,210","674,784",370
76148,"11,880","22,320","2,400","599,016",300
76155,"3,220","4,740",240,"162,643",90
76164,"6,530","13,420",900,"248,706",110
76177,"10,360","21,020","1,190","749,007",240
76179,"32,070","67,010","5,240","2,378,925",770
76180,"18,050","32,320","4,120","1,081,765",370
76182,"15,570","30,430","4,480","1,385,446",360
76201,"10,400","13,380","1,360","409,821",140
76205,"8,600","14,160","1,640","496,656",150
76207,"8,110","14,430","3,020","622,268",130
76208,"11,960","24,580","2,250","851,102",260
76209,"13,080","23,310","2,360","604,538",270
76210,"21,340","42,420","4,290","1,664,128",490
76225,"1,580","3,290",410,"105,528",40
76226,"16,350","38,200","3,430","2,649,377",360
76227,"22,430","47,610","3,410","1,714,069",650
76228,440,880,140,"25,191",0
76230,"4,330","8,710","1,280","267,509",80
76233,"1,700","3,530",440,"116,239",30
76234,"8,720","18,280","2,170","690,347",150
76238,240,480,80,"17,485",0
76239,530,"1,020",200,"34,455",0
76240,"12,380","24,690","3,140","834,826",240
76244,"33,930","74,930","4,600","2,717,347",860
76245,930,"1,750",390,"70,776",0
76247,"8,330","17,840","1,400","640,914",260
76248,"18,360","39,920","4,660","2,543,559",360
76249,"4,460","9,300",880,"327,028",70
76250,590,"1,240",170,"52,112",20
76251,360,730,130,"21,320",0
76252,"1,500","2,970",430,"126,237",30
76255,"2,350","4,690",740,"128,847",40
76258,"3,360","6,890",820,"278,687",50
76259,"2,930","6,400",550,"221,158",100
76262,"19,440","42,030","3,810","3,727,346",400
76264,730,"1,400",240,"44,582",0
76265,740,"1,510",250,"47,889",0
76266,"7,950","16,010","1,720","553,284",170
76270,"1,060","2,150",330,"74,406",0
76271,880,"1,720",220,"58,834",0
76272,"2,550","5,360",650,"191,250",60
76273,"4,540","9,080","1,260","301,770",90
76301,"6,640","12,330","1,300","258,911",140
76302,"5,780","10,960","1,480","349,075",110
76305,"2,310","4,470",690,"134,738",40
76306,"6,540","12,580","1,390","263,893",110
76308,"9,570","17,230","2,700","739,781",160
76309,"6,000","11,270","1,640","345,531",90
76310,"9,040","17,970","2,370","659,022",160
76311,"1,470","2,600",60,"51,919",0
76351,830,"1,690",240,"47,165",0
76354,"5,210","10,390","1,360","280,906",110
76357,270,540,80,"15,083",0
76360,"1,150","2,240",330,"56,521",30
76363,110,210,30,"4,217",0
76365,"2,150","4,180",700,"132,635",30
76366,950,"1,960",240,"66,980",0
76367,"4,470","8,900","1,210","271,495",80
76371,690,"1,420",220,"35,470",0
76372,350,710,90,"19,318",0
76374,"1,630","3,360",480,"91,944",0
76377,300,580,80,"15,959",0
76379,230,470,60,"15,363",0
76380,"1,440","2,890",500,"90,352",0
76384,"5,160","10,030","1,260","249,001",80
76389,600,"1,320",140,"43,572",0
76401,"11,540","21,860","2,590","687,190",210
76424,"3,440","6,990",950,"176,455",50
76426,"5,150","10,720","1,280","342,554",80
76427,330,690,80,"20,237",0
76430,"1,100","2,260",340,"92,995",0
76431,"1,630","3,390",400,"99,734",30
76432,540,"1,070",180,"31,650",20
76433,840,"1,790",290,"67,132",0
76435,300,600,100,"15,169",0
76436,110,240,40,"5,421",0
76437,"2,290","4,720",660,"123,559",40
76442,"3,170","6,570",940,"162,198",90
76443,790,"1,610",280,"44,812",20
76444,"1,540","3,180",460,"76,288",30
76445,160,290,50,"7,241",0
76446,"3,470","7,290",820,"183,412",70
76448,"2,480","4,920",760,"161,153",40
76449,"1,080","2,050",390,"93,872",20
76450,"5,670","11,580","1,740","398,529",80
76453,580,"1,100",270,"54,022",0
76454,670,"1,420",190,"30,430",0
76455,370,750,120,"15,415",0
76457,"1,680","3,490",520,"107,358",40
76458,"2,230","4,730",590,"136,730",40
76460,170,370,60,"10,409",0
76462,"1,540","3,410",430,"146,091",20
76463,210,390,60,"12,786",0
76464,180,370,60,"9,202",0
76470,"1,140","2,230",330,"48,498",20
76471,690,"1,360",240,"35,296",0
76472,710,"1,460",220,"49,882",0
76474,140,280,60,"7,171",0
76475,410,820,140,"23,993",0
76476,"1,370","2,900",330,"99,253",20
76483,420,820,140,"29,461",0
76484,450,840,180,"31,377",0
76486,590,"1,190",180,"31,676",0
76487,"1,360","2,860",340,"96,950",20
76491,190,400,70,"10,328",0
76501,"7,230","14,490","1,680","330,676",130
76502,"21,800","44,430","5,210","1,522,656",360
76504,"10,990","20,050","2,060","433,615",170
76511,"1,030","2,160",260,"51,969",0
76513,"18,240","37,710","4,480","1,389,906",300
76518,580,"1,190",130,"29,281",0
76519,260,500,70,"13,435",0
76520,"3,370","6,770","1,010","161,275",90
76522,"18,100","37,430","3,440","810,542",420
76524,"1,300","2,560",350,"70,158",20
76525,460,930,160,"23,868",0
76527,"2,180","4,510",520,"153,514",20
76528,"7,420","14,960","2,050","428,035",110
76530,"1,280","2,470",380,"76,611",30
76531,"2,150","4,180",750,"138,365",0
76534,"1,270","2,640",330,"85,726",20
76537,"5,590","11,570",690,"310,087",110
76538,370,750,110,"24,105",0
76539,"4,020","8,330","1,150","242,778",80
76541,"7,740","14,680","1,160","224,662",150
76542,"23,170","48,760","3,240","1,098,277",520
76543,"13,580","26,140","2,060","478,950",310
76544,"7,780","18,850",80,"288,707",80
76548,"13,900","29,910","2,420","792,693",270
76549,"24,110","51,030","2,670","989,388",640
76550,"5,970","11,650","1,870","386,891",140
76554,970,"2,090",230,"57,290",0
76556,630,"1,300",200,"36,019",0
76557,"2,370","4,900",590,"130,872",50
76559,"2,790","5,950",460,"157,838",70
76561,490,990,150,"25,074",0
76566,130,260,50,"7,017",0
76567,"4,100","7,930","1,200","211,293",150
76569,"1,220","2,580",330,"64,634",20
76570,"1,090","2,190",330,"50,124",0
76571,"4,330","9,410","1,430","456,407",60
76574,"9,200","17,740","2,170","534,678",140
76577,"1,540","3,120",460,"101,196",40
76578,880,"1,780",180,"56,072",0
76579,"2,260","4,850",510,"126,373",50
76621,530,"1,050",150,"33,813",0
76622,510,"1,090",120,"31,427",0
76624,"1,180","2,370",300,"68,179",0
76626,760,"1,610",180,"44,387",0
76627,710,"1,480",160,"36,919",20
76629,880,"1,730",260,"49,696",0
76630,850,"1,710",180,"55,646",0
76631,230,470,70,"12,389",0
76632,750,"1,540",150,"31,371",0
76633,"2,670","5,690",730,"233,682",50
76634,"3,180","6,100","1,160","196,254",40
76635,470,"1,050",100,"19,317",0
76636,750,"1,670",180,"50,444",0
76637,240,450,100,"14,592",0
76638,"1,410","3,040",430,"143,672",0
76639,670,"1,370",180,"31,384",0
76640,"1,420","2,700",400,"68,587",20
76641,740,"1,680",160,"39,048",0
76642,"2,700","5,460",770,"149,638",50
76643,"7,460","14,490","1,950","482,983",120
76645,"5,000","10,170","1,210","249,447",100
76648,"1,100","2,260",320,"54,540",40
76649,320,670,110,"20,978",0
76651,"1,450","3,060",340,"77,230",30
76652,410,870,120,"22,741",0
76653,520,"1,010",170,"29,050",0
76655,"4,680","10,000","1,220","363,701",90
76656,"1,010","2,050",280,"62,652",0
76657,"5,010","10,670","1,280","487,469",80
76660,200,390,60,"9,414",0
76661,"2,610","5,090",600,"96,232",50
76664,"1,340","2,650",340,"64,792",30
76665,"1,080","2,120",360,"57,267",0
76666,130,240,40,"5,405",0
76667,"4,760","9,450","1,150","216,643",80
76670,650,"1,370",130,"32,453",0
76671,790,"1,580",290,"43,534",20
76673,500,"1,080",140,"26,910",0
76676,160,310,40,"7,581",0
76679,610,"1,190",150,"30,020",0
76681,210,430,60,"8,609",0
76682,"1,270","2,550",330,"72,858",20
76687,640,"1,220",250,"38,045",0
76689,"1,750","3,650",550,"116,926",30
76690,540,"1,150",160,"27,143",0
76691,"3,090","6,040",810,"190,378",40
76692,"4,700","9,110","1,580","256,345",80
76693,730,"1,550",170,"35,802",0
76701,740,"1,120",100,"37,173",0
76704,"2,940","5,300",460,"73,089",70
76705,"13,060","25,670","2,610","536,119",310
76706,"13,910","25,470","2,280","610,040",280
76707,"6,810","13,690",870,"208,565",150
76708,"12,350","25,160","2,350","681,465",250
76710,"11,730","21,130","3,250","767,406",190
76711,"4,430","8,350",630,"151,479",110
76712,"12,810","25,630","3,910","1,176,519",210
76801,"10,210","19,860","2,600","562,732",460
76802,"2,360","4,750",670,"131,080",70
76821,"2,150","4,220",630,"114,553",30
76823,"1,280","2,560",400,"64,692",50
76825,"3,000","5,850",860,"148,552",160
76827,180,360,60,"10,719",0
76832,270,560,110,"18,498",0
76834,"2,210","4,200",790,"114,460",40
76837,590,"1,150",200,"28,578",0
76844,"1,520","2,970",520,"84,814",20
76849,"1,660","3,090",590,"89,764",0
76853,630,"1,310",210,"34,573",0
76854,140,270,60,"6,924",0
76856,"1,780","3,540",650,"112,893",20
76857,770,"1,490",310,"42,243",20
76859,850,"1,610",310,"41,927",0
76861,970,"2,050",240,"63,530",0
76864,310,600,150,"14,969",0
76866,250,490,100,"15,764",0
76870,110,190,30,"4,826",0
76871,330,630,120,"18,054",0
76872,290,530,130,"19,415",0
76875,300,580,90,"18,481",0
76877,"1,710","3,430",520,"81,042",40
76878,700,"1,410",210,"40,820",0
76882,140,260,50,"5,861",0
76890,390,780,140,"18,994",0
76901,"14,150","26,960","3,210","834,916",200
76903,"13,900","26,010","2,910","571,775",210
76904,"16,430","30,830","4,570","1,477,113",180
76905,"5,410","11,230","1,070","302,366",80
76932,"1,590","3,530",260,"136,723",0
76933,590,"1,140",180,"35,880",0
76934,460,950,130,"24,722",0
76935,860,"1,850",270,"88,555",0
76936,"1,110","2,260",310,"65,225",0
76937,110,220,30,"6,012",0
76941,670,"1,320",190,"62,377",0
76943,"1,570","3,300",420,"112,599",30
76945,780,"1,510",280,"42,721",0
76950,"1,720","3,540",470,"138,390",20
76951,580,"1,290",130,"55,523",0
76957,190,540,40,"29,456",0
77002,"6,370","8,640",660,"1,477,999",110
77003,"5,890","9,070",540,"455,991",150
77004,"13,450","20,670","2,250","1,179,894",330
77005,"11,470","23,860","3,770","5,139,627",110
77006,"13,280","18,520","2,190","1,928,854",200
77007,"24,480","36,090","2,800","4,415,131",450
77008,"19,540","32,560","3,220","3,112,727",370
77009,"17,680","31,490","2,920","1,557,134",380
77010,310,560,100,"188,965",0
77011,"7,260","14,150","1,090","256,623",190
77012,"7,380","15,260",950,"242,353",220
77013,"6,430","13,150","1,060","228,781",190
77014,"14,820","29,050","1,930","605,641",410
77015,"23,300","48,740","3,360","946,156",780
77016,"13,530","26,020","2,480","407,178",360
77017,"13,280","27,440","1,890","506,180",400
77018,"12,990","25,400","2,910","1,879,893",220
77019,"13,080","19,990","2,790","5,455,200",220
77020,"10,700","21,190","1,440","412,308",300
77021,"12,050","21,230","2,180","545,120",350
77022,"11,960","23,250","1,790","401,345",290
77023,"11,630","21,700","1,880","522,419",290
77024,"18,600","36,710","5,790","8,694,403",260
77025,"12,530","23,150","2,990","1,793,803",200
77026,"9,810","18,960","1,530","286,604",250
77027,"10,100","15,190","2,340","3,719,270",190
77028,"8,030","15,850","1,220","230,155",170
77029,"7,970","16,080","1,280","279,415",310
77030,"5,610","9,610","1,140","1,044,857",70
77031,"6,650","12,710","1,430","278,914",130
77032,"5,220","11,160",590,"190,956",130
77033,"12,840","24,990","2,070","373,200",410
77034,"16,050","32,780","1,960","628,186",580
77035,"15,100","29,410","3,020","817,127",330
77036,"25,070","49,590","3,760","814,486",380
77037,"7,710","16,970",970,"256,556",130
77038,"12,920","27,010","1,370","453,901",270
77039,"10,950","23,890","1,450","376,834",220
77040,"22,620","43,740","4,310","1,418,264",510
77041,"17,200","34,230","3,510","1,459,516",370
77042,"19,550","34,140","3,170","1,536,253",500
77043,"14,820","28,100","3,440","1,322,193",300
77044,"23,040","50,860","2,740","1,598,274",830
77045,"15,390","29,590","2,660","553,782",320
77046,"1,400","2,060",320,"404,092",20
77047,"14,990","28,000","2,040","663,719",470
77048,"9,350","17,990","1,430","341,206",300
77049,"16,860","35,350","1,910","800,201",700
77050,"1,970","4,260",330,"68,282",60
77051,"7,860","14,800","1,140","237,621",250
77053,"14,170","28,010","2,260","473,787",310
77054,"10,930","15,380",980,"538,638",210
77055,"17,970","36,460","3,670","2,569,306",320
77056,"12,890","21,030","3,660","4,663,912",200
77057,"19,740","33,120","4,400","2,843,851",390
77058,"8,940","14,410","2,080","705,702",210
77059,"8,730","18,300","2,670","1,459,252",150
77060,"15,240","31,960","1,450","439,053",330
77061,"9,390","18,470","1,530","369,248",260
77062,"12,190","23,660","3,600","1,086,287",280
77063,"17,550","29,860","3,020","1,225,383",360
77064,"22,990","44,220","4,000","1,317,633",550
77065,"17,540","32,430","3,530","979,607",470
77066,"16,460","32,020","2,920","780,047",400
77067,"13,100","26,400","1,580","436,141",330
77068,"5,770","10,980","1,370","386,932",150
77069,"9,530","17,230","2,950","911,713",250
77070,"24,950","46,930","5,080","1,735,482",690
77071,"12,560","23,590","2,980","611,693",280
77072,"24,580","48,050","3,790","770,532",430
77073,"20,380","42,220","2,050","825,583",530
77074,"14,670","29,690","2,470","536,282",220
77075,"17,460","35,640","2,180","715,193",650
77076,"12,640","26,960","1,590","422,053",230
77077,"29,580","52,990","6,420","3,000,947",720
77078,"6,350","12,980",960,"188,732",180
77079,"16,710","34,530","3,850","2,795,889",320
77080,"18,450","36,070","3,320","1,023,635",360
77081,"16,570","33,530","1,580","626,492",200
77082,"26,040","47,330","4,590","1,681,457",640
77083,"34,670","67,640","6,290","1,363,609",710
77084,"50,910","99,740","7,760","2,581,001","1,220"
77085,"8,410","16,650","1,280","305,039",180
77086,"12,340","25,190","1,680","429,681",240
77087,"15,060","30,460","2,330","541,371",430
77088,"24,430","48,160","4,140","897,970",640
77089,"26,160","51,710","4,420","1,448,887",860
77090,"17,730","32,900","1,900","641,029",550
77091,"11,630","22,230","1,840","427,215",270
77092,"14,740","27,250","2,730","770,791",280
77093,"18,520","40,690","2,110","568,989",410
77094,"5,190","11,220","1,400","891,083",110
77095,"33,340","66,440","6,770","2,588,363",890
77096,"15,040","29,560","3,750","1,469,216",310
77098,"8,730","13,000","1,840","2,102,955",120
77099,"20,600","40,550","3,170","675,694",400
77301,"13,930","28,720","2,090","609,141",290
77302,"8,460","17,770","1,860","593,622",190
77303,"8,870","18,570","1,610","496,818",200
77304,"17,430","33,310","4,290","1,466,013",340
77306,"5,950","13,290",800,"242,534",130
77316,"13,370","29,760","3,510","1,714,703",290
77318,"8,130","16,060","2,540","689,711",180
77320,"10,650","20,290","2,510","536,736",160
77327,"11,890","28,020","1,630","572,946",290
77328,"7,380","15,950","1,500","405,129",180
77331,"3,130","6,050","1,090","223,032",110
77335,930,"1,880",220,"42,123",20
77336,"6,380","13,700","1,440","547,657",200
77338,"20,240","39,350","2,610","859,692",540
77339,"19,800","38,770","5,090","1,740,025",430
77340,"11,010","19,100","2,800","600,140",130
77345,"12,080","27,390","3,520","1,805,771",250
77346,"32,150","67,860","5,850","2,814,604",830
77351,"12,520","25,130","3,580","703,000",340
77354,"18,380","39,030","3,870","1,817,622",400
77355,"13,250","28,110","3,160","1,289,738",280
77356,"15,700","30,670","5,790","1,909,972",320
77357,"12,450","27,350","2,080","694,732",290
77358,"2,410","4,860",660,"165,202",40
77359,360,670,120,"18,458",0
77360,"2,400","4,720",890,"121,229",80
77362,"3,170","6,930",700,"288,128",80
77363,"1,810","3,650",420,"105,298",40
77364,"1,110","2,020",500,"60,324",50
77365,"18,140","39,000","3,280","1,273,884",380
77371,"3,080","6,820",600,"153,821",110
77372,"5,640","12,270",990,"302,369",170
77373,"30,020","58,240","4,900","1,548,390",810
77375,"27,460","58,510","4,760","2,339,153",690
77377,"17,630","39,120","3,960","1,934,280",430
77378,"8,140","17,170","1,550","441,101",160
77379,"38,370","80,810","9,320","3,988,661",880
77380,"13,320","23,880","3,060","2,127,612",300
77381,"15,800","33,350","5,260","2,977,614",300
77382,"16,070","36,650","3,930","3,506,239",270
77384,"11,440","22,680","2,990","1,214,579",220
77385,"12,470","26,250","2,190","965,027",310
77386,"28,040","63,050","4,240","3,018,761",640
77388,"24,270","48,250","4,990","1,734,774",610
77389,"16,760","37,910","3,420","2,507,498",340
77396,"25,400","53,180","2,950","1,588,793",750
77401,"7,760","17,430","2,470","2,883,940",90
77406,"25,570","55,760","5,550","2,983,354",640
77407,"31,360","71,040","4,190","2,388,212",760
77414,"9,420","19,150","2,200","543,292",440
77417,970,"2,050",190,"47,938",30
77418,"4,690","9,060","1,570","356,847",70
77420,"1,160","2,370",270,"67,587",30
77422,"5,820","11,630","1,610","403,179",290
77423,"7,080","15,620","1,110","481,678",160
77426,"1,130","2,030",410,"106,549",0
77429,"41,430","89,890","7,960","4,359,421","1,040"
77430,"1,080","2,270",310,"86,559",30
77433,"45,260","103,710","6,670","4,671,149","1,130"
77434,"2,140","4,210",450,"95,028",30
77435,"2,480","5,140",630,"176,323",60
77437,"8,270","16,730","1,950","490,920",140
77441,"9,390","24,000","2,200","1,696,110",160
77442,420,900,140,"25,150",0
77444,380,780,70,"21,430",0
77445,"6,070","12,120","1,410","372,422",100
77447,"9,370","19,800","1,580","705,247",200
77449,"59,000","119,990","7,140","2,720,382","1,480"
77450,"32,350","68,130","7,250","3,303,533",720
77455,890,"1,840",230,"54,371",0
77459,"36,560","77,750","8,910","3,928,176",900
77461,"5,390","11,240","1,200","365,168",100
77465,"3,180","6,600",850,"188,758",130
77469,"26,360","54,100","5,400","1,869,590",580
77471,"19,400","39,050","3,390","973,200",440
77474,"6,750","13,490","1,590","414,045",170
77477,"16,340","30,590","3,040","823,162",330
77478,"12,350","23,600","4,450","1,614,968",230
77479,"39,480","90,420","10,140","6,359,747",750
77480,"3,260","6,960",850,"225,223",110
77482,"1,130","2,390",250,"70,149",60
77484,"6,180","12,800","1,420","415,027",120
77485,"1,580","3,090",380,"89,878",30
77486,"3,510","7,250",970,"243,196",100
77488,"6,260","12,060","1,570","312,301",160
77489,"19,510","35,060","4,500","832,316",570
77493,"23,480","50,870","3,500","1,893,110",600
77494,"50,510","125,330","7,960","6,687,854","1,100"
77498,"23,800","48,320","5,160","1,637,932",530
77502,"16,030","34,070","2,220","643,477",650
77503,"10,750","21,820","1,550","472,436",490
77504,"10,190","20,500","1,850","493,694",330
77505,"11,290","21,860","2,550","856,561",400
77506,"13,680","30,010","1,620","467,009",600
77510,"6,910","13,370","1,860","496,273",210
77511,"22,050","45,130","4,470","1,301,772",690
77514,"2,380","5,030",620,"162,276",60
77515,"13,220","27,110","2,830","857,176",520
77517,"2,910","5,780",790,"232,028",90
77518,"4,700","9,240",850,"225,852",150
77519,440,990,120,"25,525",20
77520,"16,480","33,890","2,590","774,453","1,100"
77521,"28,020","58,030","4,290","1,680,278","1,710"
77523,"11,740","26,430","1,920","1,170,344",490
77530,"14,270","31,050","1,910","623,157",610
77531,"7,180","14,400","1,280","391,373",400
77532,"14,970","31,400","3,120","1,041,910",580
77534,"1,410","3,090",350,"112,569",40
77535,"14,000","30,480","2,800","906,979",620
77536,"15,980","31,850","3,800","1,173,748",560
77538,380,800,100,"29,553",0
77539,"20,950","41,450","4,020","1,304,428",610
77541,"6,940","13,980","1,340","359,892",400
77545,"12,710","25,140","1,540","604,805",390
77546,"24,600","51,770","6,320","3,049,330",560
77547,"4,330","9,350",620,"166,246",180
77550,"10,870","17,640","2,590","610,436",270
77551,"9,690","16,850","2,440","536,436",190
77554,"4,270","7,150","1,740","591,292",70
77560,470,940,110,"28,166",0
77562,"5,190","10,470","1,210","303,507",300
77563,"4,700","8,600","1,250","292,136",160
77564,750,"1,650",190,"47,653",30
77565,"3,750","6,580","1,190","442,709",110
77566,"14,420","28,690","3,740","1,259,414",520
77568,"10,050","19,080","2,030","512,692",340
77571,"17,530","34,240","3,770","1,170,415",740
77573,"42,100","88,570","9,060","4,177,161",950
77575,"6,180","13,160","1,380","404,239",220
77577,660,"1,390",180,"42,155",0
77578,"11,440","24,510","1,970","1,100,113",350
77581,"22,300","46,190","5,260","1,957,497",520
77583,"16,600","35,390","2,060","1,081,751",590
77584,"40,730","87,780","7,310","3,775,454","1,040"
77585,350,820,80,"21,895",0
77586,"11,530","21,710","2,980","1,264,789",320
77587,"7,010","14,620",990,"256,224",270
77590,"13,450","25,700","2,940","647,978",480
77591,"7,460","13,680","1,490","337,729",270
77597,420,830,120,"31,225",0
77598,"11,910","19,870","1,720","570,453",330
77611,"4,470","9,230","1,090","332,066",170
77612,"3,830","8,180",930,"247,199",180
77616,490,"1,060",110,"27,254",30
77619,"7,580","15,340","1,810","453,441",460
77622,750,"1,540",190,"54,228",20
77624,350,720,110,"18,186",0
77625,"3,930","8,130","1,030","256,262",140
77627,"10,950","21,300","2,900","819,012",460
77630,"11,780","23,810","2,610","713,110",440
77632,"9,270","19,090","2,370","674,505",330
77640,"6,930","13,400","1,430","289,943",390
77642,"15,380","32,870","2,420","647,671","1,260"
77651,"6,350","12,710","1,810","525,455",230
77655,160,300,40,"9,464",0
77656,"7,370","15,160","1,880","425,774",310
77657,"9,840","20,730","2,360","818,424",270
77659,"2,210","4,750",590,"176,200",50
77660,640,"1,430",180,"35,495",40
77662,"10,210","21,070","2,140","569,270",410
77664,"1,240","2,640",370,"72,616",80
77665,"3,220","6,700",660,"225,100",100
77701,"5,180","10,110",850,"182,867",200
77702,"1,270","2,360",250,"86,083",40
77703,"5,410","10,720",860,"156,126",190
77705,"11,100","21,950","2,300","561,087",410
77706,"13,750","25,500","3,950","1,428,086",310
77707,"7,890","14,990","1,900","517,646",260
77708,"5,650","10,450","1,130","245,806",190
77713,"6,440","12,440","1,410","506,904",220
77801,"5,420","9,560",500,"185,409",90
77802,"11,950","20,760","3,150","815,514",170
77803,"12,700","26,470","1,760","434,769",200
77807,"5,510","10,500","1,040","375,501",80
77808,"7,010","14,340","1,900","586,276",100
77830,"1,410","2,750",430,"103,668",0
77831,"1,400","2,840",390,"71,143",30
77833,"12,590","24,070","3,910","808,714",140
77835,"1,280","2,420",480,"102,264",0
77836,"5,420","10,620","1,600","355,038",80
77837,670,"1,310",170,"28,832",0
77840,"13,980","19,620","1,220","529,809",170
77845,"28,440","57,600","6,160","2,865,701",280
77853,520,980,160,"31,349",0
77856,"2,200","4,480",640,"140,077",30
77857,410,840,130,"30,651",0
77859,"3,230","6,440",760,"145,896",80
77861,"1,340","2,750",440,"104,527",20
77864,"3,460","6,960",780,"186,205",50
77865,720,"1,490",230,"49,216",0
77868,"6,380","12,550","1,510","360,301",160
77871,"1,690","3,470",700,"132,735",40
77872,910,"1,920",260,"54,054",20
77873,650,"1,260",190,"43,248",0
77879,"2,280","4,230",740,"115,548",50
77880,850,"1,630",300,"56,615",0
77901,"17,780","33,810","3,400","757,219",390
77904,"13,250","26,140","3,770","1,108,329",230
77905,"6,840","13,740","1,920","482,458",140
77954,"4,520","8,980","1,220","327,260",60
77957,"3,860","7,740","1,040","217,403",70
77962,"1,610","3,480",400,"109,970",30
77963,"2,460","4,930",760,"160,355",40
77964,"3,770","7,380","1,270","266,425",40
77968,"1,510","3,310",400,"137,984",30
77971,400,820,90,"24,718",0
77974,210,450,70,"19,425",0
77975,870,"1,720",320,"58,163",0
77979,"7,800","15,450","1,750","467,463",210
77983,920,"1,820",280,"51,175",0
77984,"2,100","4,220",700,"188,738",0
77990,290,590,90,"19,219",0
77994,160,320,60,"24,721",0
77995,"4,260","8,610","1,190","267,229",50
78002,"3,670","7,660",630,"146,394",50
78003,"4,810","8,790","1,900","301,289",70
78004,270,510,110,"29,444",0
78005,370,740,130,"23,848",0
78006,"19,550","39,800","6,540","2,813,379",240
78008,120,220,40,"14,130",0
78009,"4,360","9,070","1,150","337,657",70
78010,"1,510","2,980",500,"89,825",0
78011,840,"1,810",170,"48,212",0
78012,180,430,40,"8,896",0
78013,"2,820","5,430","1,000","241,448",30
78014,"2,050","4,050",380,"154,509",50
78015,"9,190","20,690","2,540","1,423,513",140
78016,"4,600","9,600","1,090","261,368",100
78017,"1,700","3,540",290,"91,751",40
78022,"2,180","4,490",580,"142,734",40
78023,"14,480","30,400","3,360","1,532,302",200
78024,700,"1,290",370,"80,762",0
78025,"2,450","4,610",910,"140,809",30
78026,"2,760","5,650",610,"185,340",50
78027,250,460,110,"33,893",0
78028,"18,700","33,910","7,500","1,302,281",210
78039,890,"1,660",210,"47,260",0
78040,"17,550","37,510","2,520","463,214",380
78041,"22,830","46,270","4,260","1,168,039",420
78043,"18,650","39,680","3,040","666,143",380
78045,"30,900","67,280","4,350","1,900,414",560
78046,"29,890","68,510","2,740","922,563",770
78052,"3,720","7,760",800,"187,993",80
78055,810,"1,550",380,"61,240",0
78056,"1,090","2,320",340,"111,908",0
78057,520,"1,050",140,"28,667",0
78058,640,"1,250",260,"43,572",0
78059,"2,500","5,180",560,"127,062",40
78061,"4,190","8,360",740,"186,350",120
78063,"4,560","8,730","1,670","308,961",60
78064,"6,860","13,980","1,540","432,203",120
78065,"5,000","10,510",870,"219,967",110
78066,340,700,130,"28,695",0
78067,300,610,70,"12,002",0
78069,"2,610","5,560",440,"106,965",60
78070,"9,690","19,640","3,270","997,594",150
78071,"1,490","3,060",400,"97,900",20
78072,320,650,100,"34,761",0
78073,"3,940","8,210",650,"164,372",80
78076,"4,850","11,050",810,"172,373",210
78101,"4,380","8,760","1,190","326,785",90
78102,"8,370","16,500","1,710","398,416",180
78108,"20,030","43,890","3,330","1,400,037",380
78109,"24,780","49,540","3,750","1,195,079",480
78112,"4,200","8,750",700,"169,378",80
78113,"1,130","2,270",350,"128,098",0
78114,"10,050","20,590","2,510","646,303",170
78116,150,270,60,"46,221",0
78117,310,540,110,"60,692",0
78118,"2,010","3,910",490,"217,610",40
78119,"2,320","4,430",590,"173,594",40
78121,"7,080","15,230","1,720","612,608",100
78122,190,370,60,"10,043",0
78123,"1,250","2,190",420,"94,208",0
78124,"3,410","6,780",880,"225,994",40
78130,"42,030","80,020","9,000","2,707,144",700
78132,"17,720","37,060","5,330","2,165,455",290
78133,"10,460","19,210","4,020","813,002",210
78140,"1,520","3,150",300,"80,307",0
78141,310,590,110,"33,016",0
78148,"10,620","19,730","2,530","601,426",150
78151,610,"1,240",160,"44,551",0
78152,"1,820","3,580",460,"126,259",30
78154,"19,960","39,450","4,330","1,385,272",350
78155,"23,290","44,930","5,760","1,346,171",310
78159,380,800,80,"30,024",0
78160,"1,960","4,080",540,"135,770",40
78161,410,810,110,"23,899",0
78163,"6,920","14,560","2,170","715,662",110
78164,"1,750","3,350",600,"228,484",20
78201,"19,490","34,640","3,880","719,065",350
78202,"5,060","9,470",720,"180,976",50
78203,"2,520","4,790",340,"75,009",40
78204,"5,500","9,390","1,010","346,403",110
78205,"1,020","1,350",230,"170,001",0
78207,"19,060","37,690","2,910","512,023",320
78208,"1,750","3,200",260,"66,552",40
78209,"19,830","35,660","6,070","3,714,640",260
78210,"15,800","28,290","2,860","696,480",270
78211,"13,480","26,650","2,130","394,032",240
78212,"12,630","20,620","2,960","1,501,030",190
78213,"20,010","35,780","4,060","965,707",340
78214,"10,120","19,390","1,750","316,356",170
78215,"2,040","2,590",180,"238,500",20
78216,"19,770","33,110","4,190","1,746,529",320
78217,"16,720","28,570","3,640","820,393",280
78218,"17,010","31,460","3,210","754,690",280
78219,"7,060","13,600","1,390","249,078",110
78220,"8,390","15,880","1,680","262,183",140
78221,"17,620","34,200","2,770","630,792",270
78222,"11,190","22,180","1,890","469,731",220
78223,"25,210","48,140","4,280","972,322",450
78224,"9,620","19,260","1,400","337,713",190
78225,"5,750","10,810","1,150","184,805",100
78226,"3,030","5,860",530,"89,380",60
78227,"20,860","40,800","3,550","679,216",360
78228,"26,230","49,240","5,180","914,584",460
78229,"15,110","24,530","2,090","704,870",240
78230,"21,800","37,150","5,620","1,952,094",360
78231,"4,550","8,340","1,570","892,981",40
78232,"18,490","32,720","5,430","1,809,507",260
78233,"24,070","43,980","4,880","1,092,204",460
78234,"1,920","4,100",60,"97,387",0
78235,920,"1,470",60,"38,550",20
78236,"1,060","2,440",0,"47,220",0
78237,"16,060","31,740","2,350","446,321",250
78238,"12,030","21,600","2,270","485,520",220
78239,"14,730","27,790","3,910","742,165",260
78240,"27,490","47,110","5,120","1,493,674",510
78242,"14,370","29,120","1,920","444,778",270
78244,"16,670","33,060","2,490","699,155",320
78245,"43,320","87,490","5,440","2,133,880",920
78247,"25,330","46,780","5,580","1,500,631",470
78248,"6,990","13,430","2,420","1,134,138",100
78249,"26,870","45,170","4,670","1,757,622",440
78250,"27,170","50,300","5,430","1,382,570",510
78251,"28,520","52,670","4,020","1,450,220",550
78252,"7,120","15,200",560,"326,199",160
78253,"30,440","65,730","5,300","2,154,029",530
78254,"33,630","70,790","4,580","2,149,970",650
78255,"7,790","17,220","1,810","1,127,428",130
78256,"6,220","10,440",900,"668,370",80
78257,"5,740","9,820","1,020","1,046,180",70
78258,"22,780","47,130","4,820","2,832,730",350
78259,"14,010","29,050","3,030","1,292,566",220
78260,"16,250","36,710","3,510","1,927,121",280
78261,"12,130","26,580","2,090","1,405,803",220
78263,"2,370","4,500",720,"158,035",40
78264,"6,120","12,850",950,"237,680",120
78266,"3,740","7,780","1,270","492,124",50
78330,440,910,120,"25,516",0
78332,"11,040","22,580","2,130","493,906",330
78336,"5,010","9,770","1,260","267,817",250
78340,180,290,80,"9,256",0
78343,"1,970","3,950",440,"103,589",70
78344,170,390,30,"9,697",0
78349,170,330,50,"6,183",0
78353,150,270,40,"6,066",0
78355,"2,810","5,830",640,"101,088",80
78357,"1,470","3,120",290,"78,613",30
78361,"2,120","4,470",450,"88,992",60
78362,"5,050","10,270",890,"276,764",220
78363,"11,830","23,080","2,210","565,513",290
78368,"4,000","8,020",980,"203,876",170
78369,160,340,40,"10,861",0
78370,"2,270","4,670",510,"138,408",90
78372,"2,570","5,520",550,"153,404",100
78373,"1,880","3,160",730,"173,281",30
78374,"8,910","18,160","1,730","658,822",320
78375,"1,260","2,660",280,"52,228",40
78376,110,240,30,"3,655",0
78377,"1,620","3,180",420,"87,762",40
78379,800,"1,560",270,"70,778",20
78380,"9,730","19,680","1,920","491,365",330
78382,"7,790","14,590","2,920","553,091",140
78383,"1,700","3,460",510,"133,021",60
78384,"2,370","4,920",440,"90,503",100
78387,"4,450","8,970",940,"226,172",160
78389,790,"1,640",190,"39,582",30
78390,"2,530","5,060",550,"131,460",120
78391,140,280,30,"5,601",0
78393,"1,100","2,110",300,"59,642",20
78401,"1,470","2,270",390,"160,314",30
78402,250,420,90,"18,969",0
78404,"6,680","12,060","1,530","423,719",170
78405,"5,640","11,160",940,"157,781",170
78406,460,920,70,"16,510",0
78407,650,"1,250",110,"21,399",20
78408,"4,500","8,780",750,"136,302",160
78409,"1,160","2,330",230,"49,673",70
78410,"12,720","25,870","2,540","801,315",430
78411,"12,500","22,560","3,090","721,983",290
78412,"16,540","28,420","3,530","885,654",360
78413,"17,890","32,930","4,150","1,188,820",440
78414,"21,110","42,760","3,760","1,698,276",470
78415,"17,980","34,710","3,330","710,454",500
78416,"6,440","12,430","1,190","196,553",220
78417,"2,120","4,140",300,"72,901",70
78418,"14,430","27,680","3,680","1,075,826",330
78501,"24,850","49,240","4,560","1,070,184",850
78503,"9,440","19,870","1,370","457,664",460
78504,"24,310","50,730","4,230","1,660,843",720
78516,"13,430","29,780","2,110","451,483",830
78520,"27,640","59,670","4,310","1,071,811","1,310"
78521,"38,560","82,810","5,530","1,315,994","2,120"
78526,"23,160","50,920","3,070","1,065,110","1,050"
78536,110,210,20,"3,834",0
78537,"18,800","43,460","2,280","570,994","1,150"
78538,"4,740","10,650",570,"150,155",300
78539,"15,640","31,560","2,480","915,009",430
78541,"17,270","36,900","1,690","687,725",880
78542,"28,930","67,280","2,620","1,069,283","1,960"
78550,"21,690","43,980","4,120","930,505",610
78552,"15,470","32,610","3,120","837,470",390
78557,"7,150","16,020",870,"249,975",450
78559,"5,260","10,900","1,030","204,240",210
78560,"2,110","4,530",240,"81,071",150
78563,230,490,60,"12,818",0
78564,110,240,30,"2,930",0
78566,"9,280","20,280","1,270","373,641",390
78569,"1,740","3,590",350,"71,020",90
78570,"13,250","29,550","1,820","412,396",860
78572,"31,050","66,740","5,480","1,432,078","1,750"
78573,"16,760","37,600","1,940","724,248",980
78574,"23,390","54,780","2,210","878,663","1,640"
78575,"2,340","4,900",550,"182,217",50
78576,"4,810","11,910",360,"164,916",480
78577,"31,070","67,960","3,960","1,102,614","1,840"
78578,"4,590","8,940","1,500","234,485",90
78580,"4,590","9,720",810,"167,554",240
78582,"16,620","37,530","1,850","636,931","2,020"
78583,"2,640","5,520",540,"114,372",90
78584,"7,930","18,100","1,030","254,991",920
78586,"20,640","45,010","3,070","705,178",910
78588,140,280,40,"5,911",0
78589,"17,880","39,730","2,100","643,960","1,240"
78591,130,240,50,"5,734",0
78593,"2,270","4,850",370,"76,275",100
78595,"2,410","5,630",220,"77,934",320
78596,"15,510","33,090","2,730","673,446",900
78597,"1,300","2,170",600,"132,139",20
78598,160,280,70,"8,763",0
78602,"14,820","29,040","3,800","946,840",330
78605,"2,830","5,770",730,"211,068",30
78606,"3,030","5,810","1,200","305,656",40
78607,120,180,60,"7,458",0
78608,290,560,80,"19,028",0
78609,940,"1,620",470,"61,340",0
78610,"20,910","42,980","3,790","1,571,095",380
78611,"6,950","13,490","2,480","512,689",100
78612,"7,080","14,780","1,430","386,354",150
78613,"39,690","81,880","6,910","3,912,718",890
78614,260,500,80,"14,907",0
78615,780,"1,590",190,"48,104",0
78616,"4,330","9,900",710,"191,734",70
78617,"10,980","23,610","1,240","446,569",150
78618,130,270,60,"12,878",0
78619,"2,620","5,700",850,"449,606",30
78620,"10,000","21,010","2,960","1,417,708",200
78621,"12,070","24,580","2,430","667,042",200
78623,950,"1,800",430,"75,409",0
78624,"11,900","21,890","4,850","1,117,059",90
78626,"18,330","35,950","3,220","1,219,023",310
78628,"19,440","39,850","5,790","2,283,024",300
78629,"5,670","11,330","1,350","345,301",60
78631,"1,420","2,740",490,"85,537",20
78632,440,880,140,"27,290",0
78633,"15,180","27,560","10,290","1,822,617",130
78634,"18,390","37,730","2,410","1,193,754",390
78636,"2,020","3,790",730,"166,802",30
78638,"1,090","2,120",300,"72,073",0
78639,"3,720","7,010","1,480","263,281",40
78640,"30,480","60,750","4,250","1,609,680",620
78641,"37,990","81,840","6,550","3,931,576",820
78642,"9,500","21,250","1,970","913,322",170
78643,"3,170","5,830","1,310","209,350",40
78644,"8,970","17,770","2,040","460,378",190
78645,"7,310","13,710","2,480","746,660",170
78648,"3,530","6,960",830,"188,292",60
78650,770,"1,540",230,"49,386",0
78652,"3,040","5,670",870,"250,053",50
78653,"14,660","29,810","1,820","808,293",300
78654,"9,490","18,110","3,190","719,592",130
78655,"1,410","2,680",370,"82,039",20
78656,"1,180","2,260",200,"49,090",20
78657,"3,440","6,160","1,790","518,056",30
78659,"1,680","3,440",450,"103,083",40
78660,"52,290","102,560","7,110","3,580,328","1,220"
78662,"1,220","2,410",380,"76,474",30
78663,410,730,170,"46,600",0
78664,"29,160","54,700","4,270","1,843,502",650
78665,"28,010","58,140","4,330","2,377,350",630
78666,"33,570","53,690","5,380","1,615,516",510
78669,"5,930","11,820","2,050","941,105",120
78671,380,690,140,"28,079",0
78672,410,720,200,"20,332",0
78676,"7,430","14,050","3,260","784,304",100
78681,"25,570","54,590","4,860","2,627,657",560
78701,"6,330","8,210",980,"2,110,607",100
78702,"14,460","20,740","1,110","1,239,530",260
78703,"11,230","18,580","2,540","4,621,658",130
78704,"27,540","38,520","3,470","3,291,388",560
78705,"6,820","6,840",510,"413,560",80
78717,"16,330","35,220","2,150","1,950,519",430
78719,900,"1,850",150,"32,266",0
78721,"5,940","9,590",690,"325,600",110
78722,"3,660","5,240",450,"307,158",80
78723,"16,530","27,590","2,490","1,253,716",290
78724,"11,640","24,300","1,080","480,204",170
78725,"5,580","10,330",540,"278,546",110
78726,"7,280","13,860","1,080","799,544",180
78727,"15,740","26,690","2,610","1,298,092",290
78728,"13,200","22,000","1,600","774,722",290
78729,"16,220","26,900","2,380","1,131,323",400
78730,"4,660","9,090","1,060","1,281,705",90
78731,"13,890","24,550","4,020","3,307,446",190
78732,"7,450","18,070","1,330","1,661,121",190
78733,"4,060","9,240","1,060","1,381,111",60
78734,"11,530","21,730","3,980","1,777,595",230
78735,"10,330","17,910","2,320","2,123,819",160
78736,"4,800","8,410","1,150","486,332",90
78737,"9,320","21,250","2,610","1,566,838",170
78738,"12,630","28,940","3,150","3,185,260",240
78739,"8,740","21,620","1,900","1,587,173",160
78741,"24,290","34,220","1,520","1,244,362",380
78742,370,730,70,"13,254",0
78744,"24,050","43,390","2,180","1,162,715",410
78745,"32,690","49,440","5,400","2,021,023",650
78746,"13,460","27,450","3,800","7,606,351",150
78747,"11,090","20,190","1,620","674,157",210
78748,"28,220","47,780","4,480","1,934,077",540
78749,"18,040","32,550","3,780","1,800,661",330
78750,"14,120","26,780","3,270","1,654,738",290
78751,"8,900","11,400",910,"733,569",170
78752,"9,090","14,010",870,"440,018",140
78753,"24,660","44,810","3,030","1,089,844",370
78754,"13,580","24,170","1,460","771,329",290
78756,"4,650","7,150",770,"615,077",100
78757,"12,440","21,130","2,380","1,310,048",230
78758,"23,720","37,620","2,710","1,415,137",390
78759,"22,420","37,770","5,050","2,513,883",420
78801,"8,790","17,920","1,660","404,702",200
78827,490,990,110,"21,112",0
78828,110,220,60,"6,810",0
78829,430,880,90,"16,799",0
78830,230,520,50,"12,994",0
78833,570,"1,170",200,"27,484",0
78834,"3,350","6,870",620,"176,119",110
78838,270,470,130,"25,845",0
78839,"3,350","7,150",610,"121,349",160
78840,"20,560","44,430","3,570","969,869",810
78850,590,"1,170",190,"39,056",0
78852,"22,560","51,120","3,090","887,806","1,570"
78861,"5,490","10,760","1,430","333,429",70
78870,370,800,110,"20,930",0
78873,850,"1,560",360,"49,754",0
78877,330,780,70,"15,248",0
78879,140,250,70,"8,853",0
78880,660,"1,360",230,"39,232",0
78881,960,"1,900",260,"47,557",0
78883,160,280,80,"9,888",0
78884,560,"1,080",260,"52,206",0
78886,250,490,80,"13,352",0
78931,140,260,60,"8,205",0
78932,430,780,170,"39,563",0
78933,730,"1,380",310,"71,334",0
78934,"3,250","6,310","1,040","256,153",40
78935,460,950,140,"36,853",0
78938,170,320,60,"8,034",0
78940,"1,030","1,890",460,"79,242",0
78941,"1,510","2,900",490,"94,690",20
78942,"4,360","8,680","1,070","259,598",100
78943,160,360,20,"5,751",0
78944,360,650,140,"23,503",0
78945,"4,950","9,660","1,680","393,116",50
78946,520,980,170,"30,341",0
78947,"2,180","4,490",670,"144,868",50
78948,410,780,120,"26,902",0
78949,230,420,110,"24,171",0
78950,"1,030","1,930",440,"101,509",0
78953,540,"1,080",200,"36,169",0
78954,580,"1,020",280,"78,022",0
78956,"2,510","4,790",900,"156,801",30
78957,"4,530","8,620","1,330","275,135",80
78959,950,"1,820",270,"39,356",0
78962,"2,250","4,490",800,"168,694",30
78963,410,910,130,"26,674",0
79001,120,240,40,"7,675",0
79005,630,"1,420",150,"47,386",0
79007,"5,570","11,620","1,250","333,854",180
79009,860,"1,950",160,"36,711",0
79011,110,200,40,"9,153",0
79012,360,820,90,"34,369",0
79013,"1,340","2,940",140,"48,418",0
79014,"1,540","3,450",400,"124,088",20
79015,"9,520","18,750","2,240","726,640",70
79018,180,390,50,"9,171",0
79019,790,"1,590",240,"58,588",0
79022,"4,250","8,870",810,"310,204",20
79024,170,330,50,"9,726",0
79027,"1,900","4,110",430,"115,722",0
79029,"7,200","15,210","1,280","396,284",80
79031,450,"1,040",120,"21,796",0
79034,250,490,90,"14,392",0
79035,"2,030","4,530",480,"104,229",0
79036,"2,110","4,200",700,"141,649",40
79039,340,720,100,"23,934",0
79040,760,"1,670",190,"58,746",0
79041,"1,110","2,420",290,"53,879",0
79042,510,"1,020",140,"29,422",0
79043,460,"1,050",100,"21,643",0
79044,310,720,40,"15,710",0
79045,"7,810","16,870","1,460","383,771",80
79046,180,380,80,"11,178",0
79052,460,980,130,"25,527",0
79057,440,910,120,"24,081",0
79059,320,660,90,"22,545",0
79061,120,270,50,"8,099",0
79062,100,240,30,"5,559",0
79063,340,750,100,"25,250",0
79064,970,"2,150",240,"46,051",0
79065,"7,670","16,190","1,880","424,432",130
79068,"1,350","2,790",400,"93,347",20
79070,"4,120","9,360",850,"267,115",60
79072,"10,020","20,540","2,070","453,344",220
79079,"1,050","2,140",320,"57,625",0
79080,210,420,80,"10,301",0
79081,"1,470","3,280",340,"94,992",0
79082,150,310,50,"7,509",0
79083,980,"2,090",270,"64,606",0
79084,970,"2,190",200,"55,992",0
79086,850,"1,850",190,"53,216",0
79087,310,680,60,"14,740",0
79088,"2,040","4,250",530,"99,582",30
79092,560,"1,150",170,"39,189",0
79095,"1,050","2,180",320,"60,778",0
79096,870,"1,940",240,"55,608",0
79097,520,"1,080",150,"38,048",0
79098,180,370,60,"10,973",0
79101,"1,030","1,690",360,"79,636",0
79102,"4,330","7,960",800,"186,014",60
79103,"4,770","9,560",860,"180,692",80
79104,"2,950","5,960",410,"91,425",40
79106,"12,240","22,390","2,860","610,695",160
79107,"13,100","27,250","1,730","394,367",190
79108,"5,430","10,930","1,330","268,792",80
79109,"20,380","37,580","5,370","1,517,922",220
79110,"8,630","16,350","1,800","400,841",100
79111,560,"1,240",60,"25,010",0
79118,"11,950","24,500","2,340","778,745",150
79119,"9,670","19,540","2,290","1,080,586",100
79121,"3,020","5,840","1,220","310,691",30
79124,"4,790","10,070","1,440","582,593",40
79201,"2,420","4,780",690,"126,659",30
79225,400,800,130,"21,661",0
79226,"1,180","2,330",410,"54,875",0
79227,490,930,160,"23,999",0
79229,130,280,50,"6,770",0
79235,"1,430","2,980",390,"82,836",40
79237,180,360,60,"6,136",0
79241,900,"1,900",240,"47,464",20
79244,290,590,120,"13,208",0
79245,910,"1,790",270,"38,723",0
79248,540,"1,150",190,"25,129",0
79250,570,"1,240",140,"29,644",0
79252,"1,230","2,420",380,"60,971",0
79255,180,400,70,"8,220",0
79256,100,200,40,"5,261",0
79257,420,840,140,"25,760",0
79261,180,350,60,"8,039",0
79311,"1,420","3,080",320,"83,382",20
79312,360,740,90,"15,063",0
79313,610,"1,260",150,"31,773",0
79316,"4,130","8,830",860,"204,529",80
79322,760,"1,520",220,"35,334",0
79323,"3,000","6,960",530,"206,879",40
79325,860,"1,920",220,"52,376",0
79329,"1,510","3,240",380,"114,935",0
79331,"4,470","9,270","1,060","282,451",100
79336,"6,830","14,200","1,550","412,485",100
79339,"2,820","5,770",650,"134,971",50
79342,170,360,40,"9,656",0
79343,620,"1,230",150,"28,117",0
79345,410,840,110,"20,383",0
79346,850,"1,970",190,"42,607",0
79347,"2,710","5,980",570,"140,589",50
79350,370,780,90,"16,094",0
79351,530,"1,130",140,"34,592",0
79355,810,"1,850",210,"55,650",0
79356,"1,800","3,690",450,"107,610",20
79357,900,"1,850",210,"38,269",20
79358,620,"1,270",150,"44,033",0
79359,"1,240","2,740",250,"61,941",20
79360,"6,730","16,860",920,"448,008",70
79363,"2,710","6,080",620,"201,227",30
79364,"3,380","6,820",880,"166,908",50
79366,530,"1,120",230,"65,031",0
79367,320,700,70,"15,967",0
79370,600,"1,200",200,"31,714",0
79371,580,"1,240",150,"35,096",0
79372,620,"1,500",130,"43,797",0
79373,"1,300","2,840",330,"82,371",0
79377,120,310,30,"6,870",0
79379,270,560,60,"13,218",0
79381,600,"1,400",140,"53,017",0
79382,"3,890","8,330",820,"312,767",70
79401,"2,530","3,020",220,"72,831",20
79403,"6,710","12,970","1,160","222,023",140
79404,"4,180","8,060",670,"139,451",80
79407,"10,450","18,550","1,840","749,472",130
79410,"3,340","5,710",660,"196,123",40
79411,"2,900","5,210",380,"86,564",50
79412,"6,380","12,210",990,"212,731",120
79413,"9,730","17,840","2,350","522,666",110
79414,"8,030","13,980","1,370","308,260",100
79415,"7,070","12,400","1,060","234,188",100
79416,"15,460","28,060","2,940","943,611",190
79423,"20,060","39,550","4,280","1,538,785",270
79424,"24,770","49,370","6,570","2,557,683",250
79501,"1,460","3,070",410,"77,427",40
79502,500,"1,010",170,"27,144",0
79504,"1,290","2,560",370,"80,356",0
79506,330,600,140,"19,926",0
79508,620,"1,260",190,"50,065",0
79510,"3,640","7,320",990,"200,998",50
79511,640,"1,410",190,"58,668",0
79512,"2,400","4,960",630,"145,735",30
79520,940,"1,930",230,"45,132",20
79521,"1,430","2,730",450,"81,114",0
79525,"1,370","2,920",320,"75,637",30
79526,430,890,150,"30,986",0
79527,210,450,60,"14,423",0
79528,240,530,80,"14,345",0
79529,540,"1,160",180,"27,792",0
79530,250,520,80,"14,245",0
79532,310,660,80,"17,983",0
79533,230,530,40,"9,680",0
79536,"2,160","4,480",560,"121,017",40
79538,110,210,40,"5,841",0
79541,410,910,120,"34,359",0
79543,460,980,130,"27,710",0
79544,170,350,50,"9,115",0
79545,790,"1,750",210,"51,463",0
79546,720,"1,430",240,"41,118",0
79547,310,590,110,"14,593",0
79549,"5,610","12,060","1,310","368,376",90
79553,"1,360","2,780",370,"67,710",40
79556,"5,390","10,890","1,420","290,049",70
79561,280,550,70,"13,438",0
79562,"2,290","5,320",600,"217,320",30
79563,570,"1,060",150,"21,833",0
79565,150,340,40,"10,647",0
79566,100,220,50,"6,684",0
79567,"1,410","2,810",380,"65,679",0
79601,"8,030","14,560","1,880","415,242",100
79602,"10,910","22,210","2,390","804,978",160
79603,"10,610","20,520","2,060","367,219",180
79605,"13,720","25,610","3,180","722,956",200
79606,"12,730","24,440","3,260","944,797",140
79607,990,"2,400",0,"39,215",0
79701,"13,900","27,890","2,060","1,092,333",160
79703,"10,220","19,910","1,580","629,855",170
79705,"19,940","41,070","3,550","2,895,268",260
79706,"13,140","29,010","1,630","1,147,318",160
79707,"16,530","33,600","3,450","2,680,695",190
79713,270,630,80,"41,130",0
79714,"7,660","17,520","1,220","630,981",90
79718,280,580,70,"24,097",0
79720,"12,000","24,190","2,570","860,480",190
79731,"1,980","4,460",350,"138,425",40
79734,960,"1,700",410,"69,462",0
79735,"5,380","10,930","1,050","342,484",100
79738,130,330,40,"12,311",0
79739,500,"1,060",120,"76,365",0
79741,190,380,40,"13,135",0
79745,"2,890","6,240",480,"215,238",60
79749,120,270,20,"16,770",0
79752,960,"2,090",220,"68,177",0
79756,"4,650","9,720",870,"360,948",70
79758,"1,430","3,120",260,"166,154",0
79761,"14,000","27,430","2,360","814,354",250
79762,"18,670","35,870","3,290","1,383,138",270
79763,"17,060","36,530","2,180","874,036",370
79764,"11,310","24,360","1,540","641,285",230
79765,"9,210","20,180","1,100","1,295,479",150
79766,"4,020","9,240",390,"238,029",110
79772,"5,340","10,700",920,"398,128",90
79782,"2,100","4,510",400,"298,204",40
79821,"2,330","4,910",310,"92,457",50
79830,"2,770","4,960",760,"153,178",40
79835,"5,610","11,580",830,"192,641",130
79836,"3,190","7,060",470,"131,460",80
79839,630,"1,460",110,"21,984",0
79843,"1,280","2,200",350,"76,921",0
79849,"5,750","13,000",590,"167,253",160
79852,440,710,150,"17,730",0
79901,"5,090","10,290",800,"160,819",140
79902,"9,360","16,380","2,060","551,616",140
79903,"7,870","14,360","1,710","268,395",160
79904,"13,280","27,280","2,450","493,365",280
79905,"10,180","20,460","1,880","304,011",200
79906,"2,020","5,480",30,"84,867",40
79907,"24,070","46,430","4,540","732,744",570
79908,"1,100","3,750",0,"55,259",30
79911,"3,580","8,040",500,"317,259",70
79912,"37,130","71,240","8,320","2,821,834",620
79915,"16,290","31,180","3,220","484,823",380
79922,"3,850","7,660","1,140","571,322",60
79924,"26,820","53,080","5,570","970,345",630
79925,"18,560","33,940","4,560","851,471",340
79927,"18,210","38,180","2,410","603,499",440
79928,"33,510","76,050","2,970","1,540,965",840
79930,"11,560","21,500","2,250","378,440",270
79932,"13,480","27,990","2,420","942,431",240
79934,"12,460","27,010","1,420","633,797",290
79935,"8,140","15,170","1,990","374,097",180
79936,"52,080","99,590","9,500","2,344,485","1,210"
79938,"38,270","86,930","3,350","1,804,407",980
